nodes,energy
50,0.488703478
100,0.608021657
500,0.657201936
1000,0.659300922
2000,0.65998807
5000,0.660281745
